[
  {
    "name": "John",
    "last_name": "Doe",
    "email": "johndoe@example.com",
    "phone": "123-456-7890",
    "timestamp": "2024-03-12 08:00:00",
    "format": "json"
  },
  {
    "name": "Alice",
    "last_name": "Smith",
    "email": "alice.smith@example.com",
    "phone": "987-654-3210",
    "timestamp": "2024-03-12 09:15:00",
    "format": "json"
  },
  {
    "name": "Michael",
    "last_name": "Johnson",
    "email": "michael.johnson@example.com",
    "phone": "456-789-0123",
    "timestamp": "2024-03-12 10:30:00",
    "format": "json"
  },
  {
    "name": "Emily",
    "last_name": "Williams",
    "email": "emily.williams@example.com",
    "phone": "789-012-3456",
    "timestamp": "2024-03-12 11:45:00",
    "format": "json"
  },
  {
    "name": "David",
    "last_name": "Brown",
    "email": "david.brown@example.com",
    "phone": "321-654-9870",
    "timestamp": "2024-03-12 13:00:00",
    "format": "json"
  }
]